Workbook

Sheet Sheet1
A1: Proximates:
A2: Water | B2: 92.1 | C2: g | D2: Analytical | E2: 9 | F2: Samples | G2: 87.8 | H2: 93.3 | I2: 92.4 | K2: 2021
A3: Energy (Atwater General Factors) | B3: 31 | C3: kcal | D3: Calculated
A4: Energy (Atwater Specific Factors) | B4: 27 | C4: kcal | D4: Calculated
A5: Nitrogen | B5: 0.13 | C5: g | D5: Analytical | E5: 9 | F5: Samples | G5: 0.12 | H5: 0.18 | I5: 0.12 | K5: 2021
A6: Protein | B6: 0.82 | C6: g | D6: Calculated | G6: 0.75 | H6: 1.12 | I6: 0.75
A7: Total lipid (fat) | B7: 0.12 | C7: g | D7: Analytical | E7: 9 | F7: Samples | G7: 0 | H7: 0.32 | I7: 0.09 | K7: 2021
A8: Ash | B8: 0.38 | C8: g | D8: Analytical | E8: 9 | F8: Samples | G8: 0.29 | H8: 0.52 | I8: 0.35 | K8: 2021
A9: Carbohydrates:
A10: Carbohydrate, by difference | B10: 6.6 | C10: g | D10: Calculated
A11: Fiber, total dietary | B11: 1.1 | C11: g | D11: Analytical | E11: 9 | F11: Samples | G11: 0 | H11: 2 | I11: 1.1 | K11: 2021
A12: Minerals:
A13: Calcium, Ca | B13: 7 | C13: mg | D13: Analytical | E13: 9 | F13: Samples | G13: 5 | H13: 8 | I13: 7 | K13: 2021
A14: Iron, Fe | B14: 0.36 | C14: mg | D14: Analytical | E14: 9 | F14: Samples | G14: 0.28 | H14: 0.52 | I14: 0.34 | K14: 2021
A15: Magnesium, Mg | B15: 10.3 | C15: mg | D15: Analytical | E15: 9 | F15: Samples | G15: 7.6 | H15: 16.4 | I15: 9.6 | K15: 2021
A16: Phosphorus, P | B16: 25 | C16: mg | D16: Analytical | E16: 9 | F16: Samples | G16: 22 | H16: 40 | I16: 22 | K16: 2021
A17: Potassium, K | B17: 197 | C17: mg | D17: Analytical | E17: 9 | F17: Samples | G17: 160 | H17: 234 | I17: 192 | K17: 2021
A18: Sodium, Na | B18: <2.5 | C18: mg | D18: Analytical | E18: 9 | F18: Samples | K18: 2021
A19: Zinc, Zn | B19: 0.19 | C19: mg | D19: Analytical | E19: 9 | F19: Samples | G19: 0.12 | H19: 0.34 | I19: 0.16 | K19: 2021
A20: Copper, Cu | B20: 0.045 | C20: mg | D20: Analytical | E20: 9 | F20: Samples | G20: 0.028 | H20: 0.069 | I20: 0.046 | K20: 2021
A21: Manganese, Mn | B21: 0.142 | C21: mg | D21: Analytical | E21: 9 | F21: Samples | G21: 0.11 | H21: 0.182 | I21: 0.141 | K21: 2021
A22: Selenium, Se | B22: <2.5 | C22: µg | D22: Analytical | E22: 9 | F22: Samples | K22: 2021
A23: Vitamins and Other Components:
A24: Vitamin C, total ascorbic acid | B24: 139 | C24: mg | D24: Analytical | E24: 9 | F24: Samples | G24: 114 | H24: 203 | I24: 130 | K24: 2021
A25: Thiamin | B25: 0.049 | C25: mg | D25: Analytical | E25: 9 | F25: Samples | G25: 0.036 | H25: 0.088 | I25: 0.045 | K25: 2021
A26: Riboflavin | B26: 0.098 | C26: mg | D26: Analytical | E26: 9 | F26: Samples | G26: 0.08 | H26: 0.15 | I26: 0.09 | K26: 2021
A27: Niacin | B27: 0.91 | C27: mg | D27: Analytical | E27: 9 | F27: Samples | G27: 0.8 | H27: 1.33 | I27: 0.85 | K27: 2021
A28: Vitamin B-6 | B28: 0.292 | C28: mg | D28: Analytical | E28: 9 | F28: Samples | G28: 0.172 | H28: 0.515 | I28: 0.26 | K28: 2021
A29: Biotin | B29: 0.46 | C29: µg | D29: Analytical | E29: 9 | F29: Samples | G29: 0 | H29: 4.14 | I29: 0 | K29: 2021
A30: Folate, total | B30: 42 | C30: µg | D30: Analytical | E30: 9 | F30: Samples | G30: 26 | H30: 55 | I30: 40 | K30: 2021

Sheet Food Masterdata
A1: Name | B1: Portion | C1: Portion unit | D1: kcal (Atwater Specific Factors) | E1: Protein (g) | F1: Fat (g) | G1: Carbohydrates (summed - g) | H1: Calcium, Ca (mg) | I1: Iron, Fe (mg) | J1: Magnesium, Mg (mg) | K1: Phosphorus, P (mg) | L1: Potassium, K (mg) | M1: Sodium, Na (mg) | N1: Zinc, Zn (mg) | O1: Copper, Cu (mg) | P1: Manganese, Mn (mg) | Q1: Selenium, Se (µg) | R1: Iodine, I (µg) | S1: Molybdenum, Mo (µg) | T1: Vitamin C (mg) | U1: B1 - Thiamin (mg) | V1: B2 - Riboflavin (mg) | W1: B3 - Niacin (mg) | X1: B5 - pantothenic acid (mg) | Y1: B6 - pyridoxine (mg) | Z1: B7 - Biotin (µg) | AA1: B9 - Folate, total (µg) | AB1: B12 - cobalamins (µg) | AC1: Vitamin A, RAE (µg) | AD1: Vitamin D (D2 + D3 - IU) | AE1: Vitamin E (mg) | AF1: Vitamin K (µg) | AG1: Image
A2: Strawberry | B2: 100 | C2: grams | D2: 33 | E2: 0.64 | F2: 0.22 | G2: 4.86 | H2: 17 | I2: 0.26 | J2: 12.5 | K2: 23 | L2: 161 | M2: 0 | N2: 0.11 | O2: 0.035 | P2: 0.368 | Q2: 0 | R2: 0 | S2: 0 | T2: 59 | U2: 0.02 | V2: 0.02 | W2: 0.39 | X2: 0.13 | Y2: 0.05 | Z2: 0 | AA2: 24 | AB2: 0 | AC2: 1 | AD2: 0 | AE2: 0.29 | AF2: 2.2 | AG2: https://encrypted-tbn0.gstatic.com/images?q=tbn:ANd9GcRzuu9QPFmtFMGK4sMLqZ89vrwnWdO9ADmX6w&s
A3: Pineapple | B3: 100 | C3: grams | D3: 54 | E3: 0.46 | F3: 0.21 | G3: 11.4 | H3: 12 | I3: 0.05 | J3: 13.4 | K3: 5 | L3: 137 | M3: 0 | N3: 0.11 | O3: 0.095 | P3: 0.866 | Q3: 0 | R3: 0 | S3: 0 | T3: 48 | U3: 0.08 | V3: 0.03 | W3: 0.5 | X3: 0.21 | Y3: 0.11 | Z3: 0 | AA3: 18 | AB3: 0 | AC3: 3 | AD3: 0 | AE3: 0.02 | AF3: 0.7 | AG3: https://fruitique.in/cdn/shop/products/44_750x810.jpg?v=1627403449
A4: Sunflower seed | B4: 100 | C4: grams | D4: 571 | E4: 18.9 | F4: 48.4 | G4: 24.5 | H4: 116 | I4: 4.37 | J4: 302 | K4: 732 | L4: 657 | M4: 0 | N4: 5.58 | O4: 1.88 | P4: 2.63 | Q4: 17.8 | R4: 0 | S4: 0 | T4: 1.4 | U4: 1.5 | V4: 0.36 | W4: 8.3 | X4: 1.1 | Y4: 1.3 | Z4: 0 | AA4: 227 | AB4: 0 | AC4: 3 | AD4: 0 | AE4: 35 | AF4: 0 | AG4: https://ayoubs.ca/cdn/shop/articles/sunflower_seeds_keto_460x@2x.png?v=1744291764
A5: Eggs | B5: 1 | C5: egg | D5: 88.2 | E5: 7.44 | F5: 5.976 | G5: 0.12 | H5: 28.8 | I5: 1.002 | J5: 6.84 | K5: 110.4 | L5: 79.2 | M5: 77.4 | N5: 0.744 | O5: 0 | P5: 0 | Q5: 18.66 | R5: 29.46 | S5: 0 | T5: 0 | U5: 0.0462 | V5: 0.2514 | W5: 0 | X5: 0 | Y5: 0.0378 | Z5: 0 | AA5: 42.6 | AB5: 0.612 | AC5: 108 | AD5: 59.04 | AE5: 0 | AF5: 0 | AG5: https://www.tasteofhome.com/wp-content/uploads/2025/01/Pressure-Cooker-Hard-Boiled-Eggs_EXPS_TOHD24_258639_ChristineMa_3.jpg
A6: White rice | B6: 100 | C6: grams | D6: 359 | E6: 7.04 | F6: 1.03 | G6: 80.3 | H6: 4 | I6: 0.14 | J6: 26.5 | K6: 108 | L6: 82 | M6: 0 | N6: 1.35 | O6: 0.214 | P6: 0.981 | Q6: 6.6 | R6: 0 | S6: 64.2 | T6: 0 | U6: 0.065 | V6: 0.08 | W6: 1.43 | X6: 0 | Y6: 0.058 | Z6: 0 | AA6: 0 | AB6: 0 | AC6: 0 | AD6: 0 | AE6: 0 | AF6: 0 | AG6: https://images.getrecipekit.com/20230113172320-whiterice.jpg?aspect_ratio=1:1&quality=90&
A7: Brown rice | B7: 100 | C7: grams | D7: 366 | E7: 7.25 | F7: 3.31 | G7: 76.7 | H7: 8 | I7: 1.24 | J7: 115 | K7: 303 | L7: 250 | M7: 0 | N7: 1.85 | O7: 0.266 | P7: 2.7 | Q7: 14.8 | R7: 0 | S7: 63.9 | T7: 0 | U7: 0.326 | V7: 0.102 | W7: 6.27 | X7: 0 | Y7: 0.161 | Z7: 4.99 | AA7: 0 | AB7: 0 | AC7: 0 | AD7: 0 | AE7: 0 | AF7: 0 | AG7: https://media.post.rvohealth.io/wp-content/uploads/2023/09/brown-rice-facbeook-1200x628.jpg
A8: Oatmeals | B8: 100 | C8: grams | D8: 379 | E8: 13.5 | F8: 5.89 | G8: 68.7 | H8: 46 | I8: 4.34 | J8: 126 | K8: 387 | L8: 350 | M8: 1 | N8: 2.74 | O8: 0.428 | P8: 3.23 | Q8: 25.4 | R8: 0 | S8: 160 | T8: 0 | U8: 0.406 | V8: 0 | W8: 0.993 | X8: 0 | Y8: 0.135 | Z8: 21.9 | AA8: 32 | AB8: 0 | AC8: 0 | AD8: 0 | AE8: 0 | AF8: 0 | AG8: https://upload.wikimedia.org/wikipedia/commons/thumb/a/ac/No_image_available.svg/330px-No_image_available.svg.png
A9: Chicken, breast, boneless, skinless, | B9: 100 | C9: grams | D9: 112 | E9: 22.5 | F9: 1.93 | G9: 0 | H9: 4 | I9: 0.35 | J9: 26.2 | K9: 215 | L9: 330 | M9: 66 | N9: 0.65 | O9: 0.004 | P9: 0 | Q9: 0 | R9: 0 | S9: 0 | T9: 0 | U9: 0 | V9: 0 | W9: 0 | X9: 0 | Y9: 0 | Z9: 0 | AA9: 0 | AB9: 0 | AC9: 0 | AD9: 0 | AE9: 0 | AF9: 0 | AG9: https://upload.wikimedia.org/wikipedia/commons/thumb/a/ac/No_image_available.svg/330px-No_image_available.svg.png
A10: Cashew | B10: 100 | C10: grams | D10: 533 | E10: 17.4 | F10: 38.9 | G10: 36.3 | H10: 37 | I10: 6.7 | J10: 292 | K10: 593 | L10: 660 | M10: 12 | N10: 5.8 | O10: 2.2 | P10: 1.7 | Q10: 20 | R10: 0 | S10: 0 | T10: 0.5 | U10: 0.42 | V10: 0.06 | W10: 1.1 | X10: 0.86 | Y10: 0.42 | Z10: 0 | AA10: 25 | AB10: 0 | AC10: 0 | AD10: 0 | AE10: 0.9 | AF10: 34 | AG10: https://thottamfarmfresh.com/wp-content/uploads/2021/08/Cashew-Nuts.webp
A11: Brazilnut | B11: 100 | C11: grams | D11: 659 | E11: 14.3 | F11: 67.1 | G11: 11.7 | H11: 160 | I11: 2.4 | J11: 376 | K11: 725 | L11: 659 | M11: 3 | N11: 4.1 | O11: 1.7 | P11: 1.2 | Q11: 1917 | R11: 0 | S11: 0 | T11: 0.7 | U11: 0.62 | V11: 0.04 | W11: 0.3 | X11: 0.18 | Y11: 0.1 | Z11: 0 | AA11: 22 | AB11: 0 | AC11: 0 | AD11: 0 | AE11: 5.7 | AF11: 0 | AG11: https://static.wixstatic.com/media/2a3d4f_e363d39f42fc4dfeb5db703d9cc2760c~mv2.jpg/v1/fill/w_480,h_394,al_c,q_80,usm_0.66_1.00_0.01,enc_avif,quality_auto/2a3d4f_e363d39f42fc4dfeb5db703d9cc2760c~mv2.jpg
A12: Onion, yellow | B12: 100 | C12: grams | D12: 36 | E12: 0.83 | F12: 0.05 | G12: 8.61 | H12: 15 | I12: 0.28 | J12: 9 | K12: 34 | L12: 182 | M12: 1 | N12: 0.2 | O12: 0.035 | P12: 0.144 | Q12: 0 | R12: 0 | S12: 0 | T12: 8.2 | U12: 0 | V12: 0 | W12: 0 | X12: 0 | Y12: 0 | Z12: 0 | AA12: 0 | AB12: 0 | AC12: 0 | AD12: 0 | AE12: 0 | AF12: 0 | AG12: https://encrypted-tbn0.gstatic.com/images?q=tbn:ANd9GcQE_TaCRUyCB-UmltWmo1YV8uGcgWiCV6QqCQ&s
A13: Pepper, bell, red | B13: 100 | C13: grams | D13: 27 | E13: 0.9 | F13: 0.13 | G13: 6.65 | H13: 6 | I13: 0.35 | J13: 11 | K13: 27 | L13: 213 | M13: 0 | N13: 0.2 | O13: 0.04 | P13: 0.133 | Q13: 0 | R13: 0 | S13: 0 | T13: 142 | U13: 0.055 | V13: 0.142 | W13: 1.02 | X13: 0 | Y13: 0.303 | Z13: 0.427 | AA13: 47 | AB13: 0 | AC13: 0 | AD13: 0 | AE13: 0 | AF13: 0 | AG13: https://asian-veggies.com/cdn/shop/products/redbellpepper.png?v=1604549822
... A61: Gouda cheese | B61: 100 | C61: grams | D61: 356 | E61: 24.9 | F61: 27.4 | G61: 2.2 | H61: 700 | I61: 0.24 | J61: 29 | K61: 546 | L61: 121 | M61: 819 | N61: 3.9 | O61: 0.04 | P61: 0.01 | Q61: 15 | R61: 0 | S61: 0 | T61: 0 | U61: 0.03 | V61: 0.33 | W61: 0.06 | X61: 0.34 | Y61: 0.08 | Z61: 0 | AA61: 21 | AB61: 1.5 | AC61: 165 | AD61: 0.5 | AE61: 0.24 | AF61: 2.3 | AG61: https://upload.wikimedia.org/wikipedia/commons/thumb/a/ac/No_image_available.svg/330px-No_image_available.svg.png

Sheet Eaten food
A1: Name | B1: Amount | C1: Portion unit | D1: Date | E1: Time period
A2: Strawberry | B2: 250 | C2: =VLOOKUP(A2,'Food Masterdata'!A:C,3,0) -> grams | D2: 45994 | E2: Breakfast
A3: Pineapple | B3: 180 | C3: =VLOOKUP(A3,'Food Masterdata'!A:C,3,0) -> grams | D3: 45994 | E3: Breakfast
A4: Strawberry | B4: 250 | C4: =VLOOKUP(A4,'Food Masterdata'!A:C,3,0) -> grams | D4: 45995 | E4: Breakfast
A5: White rice | B5: 200 | C5: =VLOOKUP(A5,'Food Masterdata'!A:C,3,0) -> grams | D5: 45999 | E5: Breakfast
A6: Chicken, breast, boneless, skinless, | B6: 434 | C6: =VLOOKUP(A6,'Food Masterdata'!A:C,3,0) -> grams | D6: 45999 | E6: Lunch
A7: White rice | B7: 100 | C7: =VLOOKUP(A7,'Food Masterdata'!A:C,3,0) -> grams | D7: 46000 | E7: Breakfast
A8: Cashew | B8: 50 | C8: =VLOOKUP(A8,'Food Masterdata'!A:C,3,0) -> grams | D8: 46000 | E8: Lunch
A9: Chicken, breast, boneless, skinless, | B9: 535 | C9: =VLOOKUP(A9,'Food Masterdata'!A:C,3,0) -> grams | D9: 46000 | E9: Lunch
A10: Eggs | B10: 5 | C10: =VLOOKUP(A10,'Food Masterdata'!A:C,3,0) -> egg | D10: 46000 | E10: Dinner
A11: White rice | B11: 100 | C11: =VLOOKUP(A11,'Food Masterdata'!A:C,3,0) -> grams | D11: 46001 | E11: Breakfast
A12: Chicken, breast, boneless, skinless, | B12: 480 | C12: =VLOOKUP(A12,'Food Masterdata'!A:C,3,0) -> grams | D12: 46001 | E12: Lunch
A13: Onion, yellow | B13: 60 | C13: =VLOOKUP(A13,'Food Masterdata'!A:C,3,0) -> grams | D13: 46063 | E13: Lunch
... A574: Clementine | B574: 200 | C574: =VLOOKUP(A574,'Food Masterdata'!A:C,3,0) -> grams | D574: 46120 | E574: Breakfast
